"Models","Training_Time","Accuracy"
"dt",14.9723724206289,86.9114167870527
"df",5.55449512402217,33.7008772480791
"bdt",9.96993293762207,84.5559324163055
"bc",0.0156958262125651,0
